adress,pt11001__,pt11002__,pt11003__,pt11004__,pt11005__,pt11006__,pt11007__,pt11008__,pt11009__,pt11010__,pt11011__,pt11012__,pt11013__,pt11014__,pt11015__,pt11016__,pt11017__,pt11018__,pt11019__,pt11020__,pt11021__,pt11022__,pt11023__,pt11024__,pt11025__,pt11026__,pt11027__,pt11028__,pt11029__,pt11030__,pt11031__,pt11032__,pt11033__,pt11034__,pt11035__,pt11036__,pt11037__,pt11038__,pt11039__,pt11040__,pt11041__,pt11042__,pt11043__,pt11044__,pt11045__,pt11046__,pt11047__,pt11048__,pt11049__,pt11050__,pt11051__,pt11052__,pt11053__,pt11054__,pt11055__,pt11056__,pt11057__,pt11058__,pt11059__,pt11060__,pt11061__,pt11062__,pt11063__,pt11064__,pt11065__,pt11066__,pt11067__,pt11068__,pt11069__,pt11070__,pt11071__,pt11072__,pt11073__,pt11074__,pt11075__,pt11076__,pt11077__
e1,0.2,0.1,-0.1,0.2,0.2,0,0,-0.1,0.1,0,0.3,0.2,0.1,0.2,0.1,0,0.1,0.2,0,-0.1,0.4,0.2,0.1,0.1,-0.2,0,0.4,0,0,-0.2,0.1,-0.1,0.3,0.5,0,0.3,0.4,-0.1,0.2,0.2,0.2,0.2,0.1,0.1,0,-0.1,0.1,-0.1,0.3,0.3,0.6,0.5,0.2,-0.2,0,0.4,0,0.2,0.1,-0.1,0.2,0.2,0,0,-0.1,0.1,0,0.3,0.2,0.1,0.2,0.1,0,0.1,0.2,0,-0.1
e2,-0.1,0.1,0.1,0.2,0.2,0,0,0.1,0.3,0.2,0.3,0.2,0.1,0.1,0.2,0.2,-0.1,0,0.2,0.3,0.2,0.3,0.5,0.5,0,0.3,-0.2,0.4,0.3,0,0.1,0.4,0.2,-0.1,0.1,0.4,0,0.4,0.4,0,0.4,0.4,-0.1,0.4,0.3,0.2,0.3,0.2,0.3,0.1,0,0.2,0.3,0.1,0.1,0.4,0.3,-0.1,0.1,0.1,0.2,0.2,0,0,0.1,0.3,0.2,0.3,0.2,0.1,0.1,0.2,0.2,-0.1,0,0.2,0.3
e3,0.2,0.2,0.5,0.4,0,0.4,0.2,0.1,0.3,0.2,0.1,0.2,0.1,0.5,0.4,0.1,0.2,0.2,0.3,0.4,0,0.1,0.3,0.3,0.5,0.2,0.1,0.2,0.3,0.5,0.1,0.2,0.3,0.6,0,0.4,-0.1,0.5,0.5,0,0.1,0.2,0.1,0.3,0.1,0.3,0.1,0.2,0.5,0.2,0.4,0.3,0.2,0.4,0.2,0.2,0.3,0.2,0.2,0.5,0.4,0,0.4,0.2,0.1,0.3,0.2,0.1,0.2,0.1,0.5,0.4,0.1,0.2,0.2,0.3,0.4
e4,0.2,0.2,0.1,0.3,0.4,0.1,0.1,0.2,0.2,0.2,0.3,0.4,0.2,0.1,0.3,0,0.5,0.2,0.5,0.2,0.3,0.4,0.1,-0.1,0.3,0.2,0.5,-0.1,0.3,-0.2,0.3,0.1,0.4,0.3,0.4,0,0.3,0.4,0.2,0.3,0.4,0.1,0.3,0.1,0.2,0.2,0.2,0.1,0.1,0.2,0.3,0.4,0.4,0.2,0.2,0.2,0.3,0.2,0.2,0.1,0.3,0.4,0.1,0.1,0.2,0.2,0.2,0.3,0.4,0.2,0.1,0.3,0,0.5,0.2,0.5,0.2
e5,0.2,0.4,0.3,0.4,0.2,0.3,0.3,0.3,0.3,0.2,0.3,0.2,0.3,0.6,0.1,0.6,0.6,0.1,0.2,0.3,0.6,0.3,0.2,0.2,0.8,0.4,0.3,0.4,0.5,0.1,0.3,0.4,0.4,0.3,0.7,0.4,0.4,0.5,0.6,0.3,0.2,0.1,0.2,0.2,0.2,0.1,0.5,0.3,0.5,0.4,0.4,0.5,0.2,0.6,0,0.5,0.3,0.2,0.4,0.3,0.4,0.2,0.3,0.3,0.3,0.3,0.2,0.3,0.2,0.3,0.6,0.1,0.6,0.6,0.1,0.2,0.3
e6,0.5,0.2,0.3,0.4,0.5,0.3,0,0.3,0.3,0.4,0.5,0.4,0.2,0.5,0.2,0.4,0.3,0.6,0.2,0.3,0.2,0.7,0.1,0.4,0.8,0.8,0.4,0.5,0.4,0.5,0.1,0.3,0.4,0.6,0.4,0.6,0.3,0.3,0.6,0.2,0.3,0,0.3,0.3,0.2,0.3,0.6,0.3,0.5,0.3,0.5,0.5,0.5,0.3,0.1,0.6,0.5,0.5,0.2,0.3,0.4,0.5,0.3,0,0.3,0.3,0.4,0.5,0.4,0.2,0.5,0.2,0.4,0.3,0.6,0.2,0.3
e7,0.2,0.6,0.3,0.2,0.5,0.6,0.2,0.2,0.4,0.3,0.5,0.4,0.4,0.5,0.6,0.6,0.3,0.3,0.8,0.6,0.5,0.6,0.5,0.5,1,0.6,0.5,0.3,0.3,0.5,0.3,0.4,0.5,0.8,0.2,0.3,0.5,0.7,0.4,0.4,0.6,0.3,0.6,0.4,0.2,0.4,0.7,0.4,0.7,0.2,0.8,0.3,0.6,0.4,0.3,0.8,0.5,0.2,0.6,0.3,0.2,0.5,0.6,0.2,0.2,0.4,0.3,0.5,0.4,0.4,0.5,0.6,0.6,0.3,0.3,0.8,0.6
e8,0.5,0.7,0.4,0.7,0.4,0.6,0.2,0.4,0.4,0.3,0.5,0.7,0.4,0.6,0.6,0.8,0.9,0.4,0.4,0.7,0.6,0.9,0.5,0.5,0.8,0.7,0.4,0.9,0.8,0.6,0.3,0.5,0.5,0.8,0.5,0.3,0.5,0.5,0.7,0.4,0.6,0.6,0.3,0.4,0.4,0.4,1,0.4,0.4,0.7,0.8,0.3,0.5,0.5,0.2,0.6,0.5,0.5,0.7,0.4,0.7,0.4,0.6,0.2,0.4,0.4,0.3,0.5,0.7,0.4,0.6,0.6,0.8,0.9,0.4,0.4,0.7
e9,0.4,0.7,0.4,0.9,0.7,0.5,0.5,0.5,0.5,0.4,1,0.6,0.8,0.8,0.6,0.6,0.5,0.6,0.7,0.5,1,0.4,0.6,0.5,1.1,1,0.5,0.7,0.7,1.3,0.5,0.3,0.6,1,0.7,0.6,0.7,0.6,0.8,0.5,0.6,0.6,0.6,0.8,0.5,0.6,0.7,0.6,0.9,0.2,0.6,0.4,0.8,0.5,0.4,0.8,0.7,0.4,0.7,0.4,0.9,0.7,0.5,0.5,0.5,0.5,0.4,1,0.6,0.8,0.8,0.6,0.6,0.5,0.6,0.7,0.5
e10,0.6,0.9,0.7,0.8,1,0.8,0.5,0.5,0.7,0.5,0.7,0.6,0.6,0.8,0.8,0.8,0.9,0.6,0.7,0.7,0.9,0.6,0.7,0.9,0.9,0.5,1,1.3,0.9,1.1,0.6,0.8,0.5,1.1,0.8,0.7,0.6,0.8,0.9,0.6,1,0.8,0.6,0.9,0.7,0.7,0.8,0.7,1.1,0.5,0.8,0.9,0.8,0.8,0.3,0.9,0.8,0.6,0.9,0.7,0.8,1,0.8,0.5,0.5,0.7,0.5,0.7,0.6,0.6,0.8,0.8,0.8,0.9,0.6,0.7,0.7
e11,0.9,0.7,0.9,0.9,0.8,1.1,0.7,0.7,0.9,0.9,1.1,0.9,0.8,1.1,0.9,1,1.4,0.7,0.6,1,0.8,1,1.3,1.3,1.8,1.2,0.8,1.1,1,1.1,0.7,0.8,0.9,1.4,0.9,0.8,0.9,1.1,1.4,0.8,0.6,0.7,1.2,0.9,0.7,0.7,1.1,0.5,1.1,0.8,1,0.6,0.8,0.8,0.7,1.1,0.8,0.9,0.7,0.9,0.9,0.8,1.1,0.7,0.7,0.9,0.9,1.1,0.9,0.8,1.1,0.9,1,1.4,0.7,0.6,1
e12,1,1,0.9,1,1.2,1.4,0.7,0.6,0.9,0.9,1.3,1.3,0.9,1,1.2,1.3,1.4,0.8,1.6,1.3,0.9,1.4,1.1,1,1,1.1,1.2,1.5,1.3,1.6,0.8,1,1,1.4,0.9,1,1.3,1.6,1.5,0.8,1,1.3,1.1,0.8,0.6,0.7,1.4,0.8,1.4,0.8,1.3,1.1,1.2,0.9,0.8,1.1,1,1,1,0.9,1,1.2,1.4,0.7,0.6,0.9,0.9,1.3,1.3,0.9,1,1.2,1.3,1.4,0.8,1.6,1.3
e13,1.1,1.5,1.5,1.7,1.3,1.6,0.9,0.9,1.2,1.1,1.5,1.2,0.9,1.5,1.3,1.2,1.4,0.8,1.6,1.3,1.5,1.5,1.7,1.7,2,1.2,1.1,1.6,1.1,1.8,0.9,1,1.3,1.7,1.5,1.3,1.3,1.2,1.6,1.2,1.3,1.2,1.7,1.2,0.9,0.8,1.9,1.1,1.5,1.1,1.9,1.2,1.2,1.2,0.9,1.1,1.2,1.1,1.5,1.5,1.7,1.3,1.6,0.9,0.9,1.2,1.1,1.5,1.2,0.9,1.5,1.3,1.2,1.4,0.8,1.6,1.3
e14,1.3,1.7,1.4,1.6,1.5,1.8,1,0.8,1.6,1.3,1.7,1.2,1.5,2,1.5,1.8,1.7,0.9,1.4,1.5,1.6,1.6,1.6,1.9,2.1,1.7,1.6,1.9,1.6,2.3,1,1.6,1.5,2,1.5,1.5,1.5,1.8,1.9,1.1,1.5,1.4,2,1.3,1.1,0.8,1.7,1,2.2,1.1,1.9,1.5,1.7,1.3,1,1.2,1.6,1.3,1.7,1.4,1.6,1.5,1.8,1,0.8,1.6,1.3,1.7,1.2,1.5,2,1.5,1.8,1.7,0.9,1.4,1.5
e15,1.4,1.8,1.8,1.8,2.2,2.2,1.2,1.5,1.5,1.6,1.9,1.8,1.7,1.9,1.7,2.1,2.3,1.1,2.2,1.9,1.7,1.8,2.1,2.4,2.6,1.6,1.9,2.2,1.6,2.9,1.1,1.5,1.9,2.9,1.8,1.8,1.8,2.2,2,1.6,2.2,1.6,2.4,1.7,1.5,1.3,2.3,1.3,2.3,1.3,2.4,2,2.1,1.5,1.4,2,1.6,1.4,1.8,1.8,1.8,2.2,2.2,1.2,1.5,1.5,1.6,1.9,1.8,1.7,1.9,1.7,2.1,2.3,1.1,2.2,1.9
e16,1.8,2.5,2.1,2.2,2.3,2.6,1.4,1.5,1.9,1.7,2.6,1.9,2,2.6,2.5,2.4,2.3,1.5,2.2,2.2,2.1,2.4,2.1,2.5,3,2.2,2.1,2.7,2.5,3.1,1.2,2.2,1.9,3.1,2.3,1.8,1.9,2.4,2.6,2,2.2,2,2.6,2,1.7,1.5,2.6,1.5,2.9,1.4,2.6,2.2,2,2,1.4,2.4,2,1.8,2.5,2.1,2.2,2.3,2.6,1.4,1.5,1.9,1.7,2.6,1.9,2,2.6,2.5,2.4,2.3,1.5,2.2,2.2
e17,2.3,2.7,2.3,2.9,2.6,2.8,1.7,1.6,2.4,2.1,2.7,2.2,2.2,3,2.7,2.9,3,1.7,2.9,2.8,2.9,2.7,2.7,3.2,3.2,2.5,2.5,3.4,2.5,3.9,1.6,2.1,2.4,3.9,2.5,2.3,2.2,3.2,2.7,2.2,2.5,2,2.8,2.2,1.8,1.8,3.2,2,3.3,1.6,2.7,2.5,2.6,2.2,1.9,2.8,2.3,2.3,2.7,2.3,2.9,2.6,2.8,1.7,1.6,2.4,2.1,2.7,2.2,2.2,3,2.7,2.9,3,1.7,2.9,2.8
e18,2.5,2.9,2.6,3.3,3.3,3.2,2,2.2,2.9,2.2,3.1,2.5,2.6,3.5,2.7,3.2,3.3,2.1,3.3,3,3.2,3.2,3.3,3.5,4.2,3,2.7,3.4,2.8,4,1.8,2.5,2.5,4.2,2.9,2.6,3,3.5,3.6,2.5,3.2,2.5,3.2,2.8,2.1,1.9,3.9,2.2,4.3,2,3.6,3.4,2.9,2.3,2.1,2.9,2.7,2.5,2.9,2.6,3.3,3.3,3.2,2,2.2,2.9,2.2,3.1,2.5,2.6,3.5,2.7,3.2,3.3,2.1,3.3,3
e19,2.9,3.4,3.1,3.4,3.3,3.6,2.2,2.5,3,2.9,3.7,2.9,3,4.1,3.5,3.6,3.5,2.3,4.1,3.4,3.5,3.8,3.6,3.9,4.5,3.2,3.3,4.3,3.3,4.8,2,3.2,3.2,5.1,3.6,3,3.4,4.1,3.7,2.9,3.5,3.1,3.8,3,2.7,2.2,4.2,2.5,4.7,2.1,4.1,3.6,3.1,2.7,2,3.3,3.3,2.9,3.4,3.1,3.4,3.3,3.6,2.2,2.5,3,2.9,3.7,2.9,3,4.1,3.5,3.6,3.5,2.3,4.1,3.4
e20,3.3,4,3.5,4.2,3.9,4.2,2.6,2.8,3.8,3.2,4.4,3.5,3.4,4.5,4.2,4.4,4.1,2.6,4.9,3.7,4.3,4.1,4.4,4.8,5.6,4.1,4,5,3.9,5.2,2.6,3.3,3.4,5.7,3.9,3.7,3.6,4.7,4.4,3.1,4.1,3.6,4.4,3.4,2.8,2.5,5.2,3.2,5.3,2.7,4.5,4.3,3.8,3.2,2.6,3.9,3.7,3.3,4,3.5,4.2,3.9,4.2,2.6,2.8,3.8,3.2,4.4,3.5,3.4,4.5,4.2,4.4,4.1,2.6,4.9,3.7
e21,3.5,4.7,3.9,4.8,4.6,4.9,3,3.1,4,3.6,5.1,3.9,3.8,5.2,4.8,5,4.5,3,5.6,4.5,4.8,4.8,5,5.2,6.3,4.5,4.6,5.9,4.6,6.4,2.8,4.1,4.1,6.2,4.6,4.3,4.4,5.5,4.7,3.9,4.4,4.2,4.6,4,3.2,2.9,6.1,3.3,5.5,2.9,5.5,4.8,4.6,3.7,3.2,4.5,4.2,3.5,4.7,3.9,4.8,4.6,4.9,3,3.1,4,3.6,5.1,3.9,3.8,5.2,4.8,5,4.5,3,5.6,4.5
e22,4.3,5.6,4.8,5.5,5.3,5.6,3.3,3.4,4.5,4.1,5.8,4.5,4.4,6.2,5.5,5.5,5.1,3.3,6.1,4.6,5.4,5.7,5.5,6.2,6.9,5.3,5.2,6.7,5,7.3,3.1,4.1,4.9,7.4,5.4,4.8,4.8,6.2,5.6,4.1,5.3,4.5,5.7,4.7,3.8,3.4,6.6,3.9,6.1,3.2,6.1,5.2,5.1,4.1,3.5,5.1,4.7,4.3,5.6,4.8,5.5,5.3,5.6,3.3,3.4,4.5,4.1,5.8,4.5,4.4,6.2,5.5,5.5,5.1,3.3,6.1,4.6
e23,4.8,5.6,5.2,6.1,5.8,6.3,3.7,4.1,5.3,4.5,6.3,5,5.4,6.9,5.9,6.1,6.2,3.6,7.1,5.8,6.2,5.9,6.4,7,7.4,6.2,5.7,6.8,5.5,8.4,3.5,5,5.3,8,5.7,5.2,5.5,7.1,6.4,4.8,5.8,5.3,6.2,5,4.4,3.7,7.5,4.5,7.4,3.8,6.5,6.3,5.7,4.7,3.9,5.6,5.3,4.8,5.6,5.2,6.1,5.8,6.3,3.7,4.1,5.3,4.5,6.3,5,5.4,6.9,5.9,6.1,6.2,3.6,7.1,5.8
e24,5.7,6.6,5.9,6.9,6.6,7.3,4.1,4.3,5.9,5.2,7.5,5.7,5.9,7.4,6.4,6.8,6.8,4.3,7.9,6.4,6.8,6.9,7,7.3,9.2,6.5,6.6,7.9,6,8.9,3.9,5.5,6,9.4,6.3,5.8,6.1,7.8,7,5.3,6.5,5.4,7.1,5.6,4.8,4.2,8.3,4.8,8.5,4.1,7.7,6.7,6.3,5.1,4.5,6.1,6,5.7,6.6,5.9,6.9,6.6,7.3,4.1,4.3,5.9,5.2,7.5,5.7,5.9,7.4,6.4,6.8,6.8,4.3,7.9,6.4
e25,6.1,7.5,6.5,7.5,7.2,7.6,4.6,4.8,6.5,5.8,8.1,6.3,6.4,8.7,7,7.5,7.4,4.8,8.2,6.8,7.9,8,7.5,8.5,9.6,7.4,7.4,8.8,6.8,10.3,4.4,6.2,6.5,10.1,7.4,6.6,6.7,8.6,7.8,6,7.3,6.4,7.6,6.2,5.3,4.6,9,5.2,9.4,4.5,8.5,7.5,7.1,6,5,7,6.6,6.1,7.5,6.5,7.5,7.2,7.6,4.6,4.8,6.5,5.8,8.1,6.3,6.4,8.7,7,7.5,7.4,4.8,8.2,6.8
e26,6.6,7.9,7.2,8.4,7.7,8.4,5.1,5.3,7,6.3,8.9,6.7,7.1,9.2,7.8,8.3,8.1,5.1,9.1,7.5,8.4,8.6,8.8,9.3,11,7.8,7.8,9.7,7.7,11.5,4.7,6.7,7,11.1,7.8,7.1,7.5,9.4,8.7,6.6,7.7,7.2,8.4,7,5.9,5.1,9.8,5.8,10.5,5.1,9.3,8.3,7.9,6.4,5.5,7.6,7.2,6.6,7.9,7.2,8.4,7.7,8.4,5.1,5.3,7,6.3,8.9,6.7,7.1,9.2,7.8,8.3,8.1,5.1,9.1,7.5
e27,7.1,8.7,7.7,9.2,8.7,9.2,5.6,6,7.8,7,9.8,7.4,7.8,9.7,8.8,9.3,9,5.6,10.1,8.4,8.9,9.1,9.4,9.7,11.7,8.8,8.5,10.6,8.1,11.8,5.3,7.2,7.6,11.9,8.3,7.9,8.2,10.2,9.6,6.8,8.4,7.3,9.2,7,6.3,5.5,10.6,6.4,11,5.5,10.2,8.7,8.3,7,5.8,8.2,7.9,7.1,8.7,7.7,9.2,8.7,9.2,5.6,6,7.8,7,9.8,7.4,7.8,9.7,8.8,9.3,9,5.6,10.1,8.4
e28,7.6,9.7,8.6,9.9,9.2,10,5.8,6.2,8.5,7.7,10.3,7.9,7.8,10.7,9.3,9.7,9.6,6.2,10.4,9,9.9,9.6,9.8,10.4,12.4,9.3,9.2,11.2,8.8,13.1,5.7,7.6,8.5,13,9.3,8.3,8.9,11.3,10.1,7.7,9.4,8.1,9.4,8,6.9,5.8,11.4,7,12,6.1,10.6,9.7,9.2,7.8,6.4,8.7,8.1,7.6,9.7,8.6,9.9,9.2,10,5.8,6.2,8.5,7.7,10.3,7.9,7.8,10.7,9.3,9.7,9.6,6.2,10.4,9
e29,8.1,10,8.9,10.5,10.1,10.8,6.5,6.7,8.8,8.1,11.1,8.6,8.6,11.5,9.9,10.2,10.6,6.5,11.3,9.8,10.3,10.7,10.5,11.3,13.6,10.2,9.8,11.8,9.3,14.4,6.1,8.4,8.9,14.1,9.8,9.2,9.3,11.5,10.8,8.2,9.9,8.8,10.6,8.5,7.4,6.1,12.5,7.4,12.8,6.3,11.5,10.3,9.7,8.3,6.8,9.5,9,8.1,10,8.9,10.5,10.1,10.8,6.5,6.7,8.8,8.1,11.1,8.6,8.6,11.5,9.9,10.2,10.6,6.5,11.3,9.8
e30,8.9,10.9,9.5,11,10.7,11.3,6.7,7,9.4,8.5,11.8,9.1,9.4,12.2,10.4,11.4,11.2,6.9,12.2,10,10.8,11.3,11.5,12.2,14.6,10.7,10.3,12.7,10,14.9,6.5,9.2,9.3,14.9,10.5,9.5,10.1,12.5,11.4,8.6,10.9,9.4,11.2,9,7.8,6.7,12.6,7.9,13.5,6.9,12.7,10.9,10.4,8.5,7.1,10.1,9.6,8.9,10.9,9.5,11,10.7,11.3,6.7,7,9.4,8.5,11.8,9.1,9.4,12.2,10.4,11.4,11.2,6.9,12.2,10
e31,9.3,11.4,10.1,11.9,11.5,11.7,7,7.4,10.1,9.1,12.5,9.6,9.6,12.3,11,11.9,11.6,7.3,12.4,11,11.6,11.7,12.1,12.9,15,11.1,10.9,13.5,10.4,15.7,6.8,9.3,9.9,15.5,10.9,10.3,10.4,13.1,12.2,9.2,11.1,9.6,12,9.3,8.3,7.2,13.7,8.3,14.3,7.2,13,11.7,10.9,8.9,7.7,10.8,10.3,9.3,11.4,10.1,11.9,11.5,11.7,7,7.4,10.1,9.1,12.5,9.6,9.6,12.3,11,11.9,11.6,7.3,12.4,11
e32,9.5,11.8,10.5,12.4,11.7,12.6,7.5,8,10.3,9.3,13.2,10.2,10.3,13.4,11.7,12.4,12.1,7.5,13.3,11.4,12.1,12.5,12.5,13.5,15.4,11.7,11.4,14.1,11.1,16.5,7.3,9.9,10.4,15.9,11.7,10.9,11.1,13.7,12.8,9.6,11.7,10.2,12.3,10.1,8.6,7.5,14.3,8.6,15.4,7.5,13.6,11.9,11.5,9.4,8,11.1,10.8,9.5,11.8,10.5,12.4,11.7,12.6,7.5,8,10.3,9.3,13.2,10.2,10.3,13.4,11.7,12.4,12.1,7.5,13.3,11.4
e33,10.2,12.5,10.8,12.9,12,12.8,7.8,8.2,10.8,9.8,13.6,10.3,10.5,14.1,11.9,12.8,12.9,7.9,13.6,11.9,12.8,13.1,12.8,14,16.5,12.2,12.1,14.8,11.8,16.8,7.4,9.9,10.8,17.1,12.1,10.8,11.4,14.1,12.9,9.6,11.9,10.7,12.5,10.5,8.9,7.9,15.1,9,15.7,7.9,14,12.7,12,9.9,8.1,11.8,10.9,10.2,12.5,10.8,12.9,12,12.8,7.8,8.2,10.8,9.8,13.6,10.3,10.5,14.1,11.9,12.8,12.9,7.9,13.6,11.9
e34,10.4,12.7,11.2,12.9,13,13.5,8,8.5,11.1,10.2,14.1,10.9,11,14.6,12.4,13.2,13.1,8.2,14.2,12,13.2,13.3,13.5,14.3,17.1,12.8,12.3,15.1,11.8,17.8,7.7,10.5,11.2,17.3,12.6,11.4,11.8,14.9,13.5,10.5,12.7,11.2,13.1,10.7,9.2,8.1,15.4,9.3,16.4,8.1,14.8,13,12.3,10.2,8.6,12.1,11.3,10.4,12.7,11.2,12.9,13,13.5,8,8.5,11.1,10.2,14.1,10.9,11,14.6,12.4,13.2,13.1,8.2,14.2,12
e35,10.8,13.3,11.5,13.8,13,13.8,8.3,9,11.8,10.4,14.7,11.4,11.4,14.8,13,13.3,13.4,8.5,14.7,12.4,13.3,13.6,13.9,14.8,17.8,12.9,12.7,15.6,12.2,18.4,7.8,10.9,11.5,18,12.6,11.9,12.1,15.4,14.4,10.5,13.1,11.4,13.7,11.2,9.6,8.3,16,9.7,16.6,8.3,14.9,13.3,12.6,10.8,8.7,12,11.8,10.8,13.3,11.5,13.8,13,13.8,8.3,9,11.8,10.4,14.7,11.4,11.4,14.8,13,13.3,13.4,8.5,14.7,12.4
e36,11.1,13.4,12,13.9,13.7,14.1,8.5,9,12,10.6,15,11.5,11.8,15.1,13.3,13.7,13.9,8.8,14.8,12.6,13.8,13.9,14.1,15.2,17.9,13.5,13.1,15.8,12.5,18.6,8,11.1,12,18.4,13.1,12.1,12.3,15.9,14.8,10.8,13.3,11.8,14,11.3,9.7,8.4,16.4,9.8,17,8.5,15.3,13.6,12.9,10.8,9,12.8,11.7,11.1,13.4,12,13.9,13.7,14.1,8.5,9,12,10.6,15,11.5,11.8,15.1,13.3,13.7,13.9,8.8,14.8,12.6
e37,11.3,13.8,12,14.1,13.7,14.3,8.7,9.2,12.2,10.9,15.3,11.4,12,15.5,13.4,14,14.1,8.7,15.4,13.1,14.3,14.1,14.7,15.7,18.5,13.7,13.5,16.8,12.6,18.6,8.4,11.5,12,18.8,13.6,12.4,13,16,15,11.2,13.3,12,14.4,11.5,9.9,8.7,16.2,10.1,17.3,8.8,15.8,13.8,13.1,11.2,9.1,13,12,11.3,13.8,12,14.1,13.7,14.3,8.7,9.2,12.2,10.9,15.3,11.4,12,15.5,13.4,14,14.1,8.7,15.4,13.1
e38,11.6,14,12.1,14.6,13.8,14.6,8.9,9.4,12.4,11.2,15.5,12,12.2,15.6,13.7,14.6,14.4,9,16,13.4,14.2,14.5,14.8,15.8,18.5,13.9,13.8,16.5,12.9,19.3,8.5,11.6,12.4,19.3,13.6,12.3,13,16.2,15.1,11.4,13.5,12.2,14.7,11.9,10.2,9,16.7,10.2,17.8,8.9,16.2,14.4,13.7,11.3,9.2,13.1,12.4,11.6,14,12.1,14.6,13.8,14.6,8.9,9.4,12.4,11.2,15.5,12,12.2,15.6,13.7,14.6,14.4,9,16,13.4
e39,11.5,14.3,12.6,14.8,14.4,15,9.1,9.4,12.7,11.3,15.9,11.8,12.3,15.9,14,14.7,14.5,9.2,16.2,13.7,14.9,14.4,15,16.1,19.1,14.1,13.8,17.4,13.3,19.5,8.5,12,12.5,19.6,13.8,12.5,13,16.8,15.1,11.3,13.8,12.3,14.8,12,10.4,9.1,17.1,10.4,17.9,9.1,16,14.2,13.5,11.2,9.4,13.3,12.6,11.5,14.3,12.6,14.8,14.4,15,9.1,9.4,12.7,11.3,15.9,11.8,12.3,15.9,14,14.7,14.5,9.2,16.2,13.7
e40,12,14.2,12.6,15.1,14.4,15.1,9.3,9.5,12.8,11.4,16,12.3,12.5,16.2,14.1,14.8,14.3,9.2,16.2,13.6,14.8,15.2,14.9,16.5,19.5,14.2,13.9,17.3,13.4,20.1,8.6,11.8,12.7,20.3,14,12.7,13.4,16.7,15.7,11.7,14.3,12.6,15.1,12,10.5,9.1,17.5,10.5,18.2,9.2,16.8,14.6,13.8,11.6,9.5,13.5,12.7,12,14.2,12.6,15.1,14.4,15.1,9.3,9.5,12.8,11.4,16,12.3,12.5,16.2,14.1,14.8,14.3,9.2,16.2,13.6
e41,11.7,14.6,12.6,15,14.8,15.7,9.4,9.8,12.9,11.8,16,12.7,12.4,16.5,14.2,15.2,15,9.3,16.2,14,15,14.8,15.6,16.3,19.5,14.4,14.2,17,13.4,19.9,8.7,11.8,12.7,19.8,14.1,13.2,13.8,16.9,16,12,14.3,12.5,15.3,12.4,10.6,9.2,17.5,10.7,18.4,9.3,16.7,14.8,13.9,11.9,9.7,13.8,12.9,11.7,14.6,12.6,15,14.8,15.7,9.4,9.8,12.9,11.8,16,12.7,12.4,16.5,14.2,15.2,15,9.3,16.2,14
e42,11.8,14.4,12.8,15.4,14.7,15.4,9.2,9.7,13.2,11.6,16.3,12.7,12.6,16.3,14.5,15,15.1,9.6,16.5,14.1,15.2,15.2,15.7,16.6,19.4,14.5,14,17.3,13.6,20.6,8.6,12,12.9,20.2,14.3,13.1,13.8,17.1,15.5,11.9,14.3,12.8,15.2,12.3,10.8,9.2,17.8,10.8,18.8,9.4,16.8,15.1,14.4,11.8,9.7,14,13.4,11.8,14.4,12.8,15.4,14.7,15.4,9.2,9.7,13.2,11.6,16.3,12.7,12.6,16.3,14.5,15,15.1,9.6,16.5,14.1
e43,12.2,15,12.9,15.5,14.6,15.5,9.4,10.1,12.9,11.8,16.4,12.5,12.7,17.2,14.5,15.4,15.3,9.6,16.7,14.1,15.4,15.4,15.9,16.9,19.9,14.6,14.5,17.4,13.7,21,8.9,12.4,12.9,20,14.3,13.1,13.5,17,15.9,11.9,14.3,12.9,15.3,12.5,10.7,9.6,18.1,10.7,18.8,9.5,16.7,15.2,14.3,11.9,10,14.3,13.1,12.2,15,12.9,15.5,14.6,15.5,9.4,10.1,12.9,11.8,16.4,12.5,12.7,17.2,14.5,15.4,15.3,9.6,16.7,14.1
e44,12.3,15.2,13.2,15.5,15,15.6,9.3,10,13,11.8,16.2,12.8,13,16.9,14.7,15.5,15.4,9.7,16.8,14.1,15.7,15.6,15.8,17,20.5,15,14.8,17.6,13.7,20.3,8.9,12.5,13.2,20.4,14.6,13.4,13.8,17.4,16.1,12.2,14.3,12.7,15.4,12.6,10.6,9.4,18,10.9,18.8,9.5,17.2,15.2,14.5,11.9,9.9,14,13.2,12.3,15.2,13.2,15.5,15,15.6,9.3,10,13,11.8,16.2,12.8,13,16.9,14.7,15.5,15.4,9.7,16.8,14.1
e45,12.4,15,13.2,15.6,14.8,15.4,9.5,9.9,13.1,11.8,16.5,12.7,12.7,16.8,14.5,15.4,15.3,9.6,17,14.3,15.4,15.4,15.6,16.9,19.9,14.6,14.6,17.5,13.7,20.4,9,12.4,13.2,20.6,14.6,13.4,13.8,17.1,16.2,12,14.8,13.2,15.5,12.7,10.8,9.5,17.9,11.1,19.2,9.6,17.3,15.2,14.4,11.9,10,14.1,13.3,12.4,15,13.2,15.6,14.8,15.4,9.5,9.9,13.1,11.8,16.5,12.7,12.7,16.8,14.5,15.4,15.3,9.6,17,14.3
e46,12.3,15.2,13.2,15.4,15.1,15.7,9.7,9.9,13.1,11.8,16.8,12.8,13,16.8,14.9,15.4,15.5,9.6,16.8,14.2,15.7,15.7,15.7,17.3,20.3,15,14.8,17.8,14,20.4,9.1,12.5,13.1,20.6,14.6,13.6,13.9,17.4,16.3,12.2,14.6,13.1,15.7,12.7,10.7,9.4,17.9,11,19.3,9.6,17.3,15.4,14.5,12.1,10.2,14.4,13.3,12.3,15.2,13.2,15.4,15.1,15.7,9.7,9.9,13.1,11.8,16.8,12.8,13,16.8,14.9,15.4,15.5,9.6,16.8,14.2
e47,12.5,15.2,13.1,15.9,15.2,15.8,9.6,10,13.3,11.6,16.6,13,12.8,16.9,15.1,15.7,15.5,9.7,17,14.3,15.7,15.7,16.1,17.1,20.1,14.8,14.6,17.7,14.1,20.8,9,12.6,13.4,20.6,14.9,13.5,14,17.5,16.4,12.2,14.6,13.1,16,12.9,11.1,9.5,18,11.1,19.2,9.7,17.3,15.1,14.6,12.1,10,14.5,13.5,12.5,15.2,13.1,15.9,15.2,15.8,9.6,10,13.3,11.6,16.6,13,12.8,16.9,15.1,15.7,15.5,9.7,17,14.3
e48,12.4,15.4,13.4,16.2,15.1,15.8,9.5,10.1,13.4,11.9,16.6,12.9,12.9,17,15,15.5,15.7,9.9,17,14.5,15.6,15.7,16,17.4,20.3,15.3,14.6,17.6,13.9,20.9,9.3,12.6,13.5,20.4,14.4,13.8,14,18,16.5,12.1,14.8,13.2,15.7,12.8,10.9,9.5,18.2,11,19.5,9.6,17.4,15.8,14.7,12.2,10.3,14.2,13.4,12.4,15.4,13.4,16.2,15.1,15.8,9.5,10.1,13.4,11.9,16.6,12.9,12.9,17,15,15.5,15.7,9.9,17,14.5
e49,12.2,15,13.2,16,15.2,16,9.8,10.1,13.2,12.1,16.8,12.9,12.7,17.1,14.7,15.6,15.9,9.6,16.9,14.3,15.6,15.5,16,17.1,20,15.2,14.6,18.3,14,21.1,9.2,12.5,13.4,20.9,14.7,13.9,14,17.6,16.4,12.5,15,13,15.8,12.9,10.9,9.7,18.1,11.2,19.4,9.7,17.6,15.6,14.6,12.1,10.3,14.4,13.7,12.2,15,13.2,16,15.2,16,9.8,10.1,13.2,12.1,16.8,12.9,12.7,17.1,14.7,15.6,15.9,9.6,16.9,14.3
e50,12.6,15.3,13.6,15.9,15.1,16,9.6,10,13.2,12.2,16.7,13.1,12.9,17.4,14.8,15.7,15.5,9.8,17.3,14.7,15.6,16.1,16.3,17.3,20.4,14.8,14.9,18.3,14.1,21,9.1,12.4,13.6,20.4,14.9,13.5,14.2,17.3,16.3,12.3,14.8,13.2,15.7,12.9,11.2,9.6,18.3,11.1,19.3,9.7,17.5,15.7,14.5,12.1,10.2,14.4,13.7,12.6,15.3,13.6,15.9,15.1,16,9.6,10,13.2,12.2,16.7,13.1,12.9,17.4,14.8,15.7,15.5,9.8,17.3,14.7
f1,0.4,0.3,-0.2,1.9,0.9,1.1,1.6,1.9,2.8,1.9,2.6,-0.6,2.1,-1.3,2,0.8,-0.4,1.1,2.2,-0.1,1.4,1.4,0.3,2.9,0.5,1.2,2.5,2.9,1.7,0.9,0,0.4,1.7,0.3,0.4,0.8,3.7,1.4,0.3,0.3,1.4,2.5,1.2,-0.1,1.9,2.3,1.4,1.9,2.4,-1.3,1.5,3.5,2,0.7,0.1,1.3,0.9,0.4,0.3,-0.2,1.9,0.9,1.1,1.6,1.9,2.8,1.9,2.6,-0.6,2.1,-1.3,2,0.8,-0.4,1.1,2.2,-0.1
f2,0.9,3.6,1.9,2.7,1.1,1.5,1.7,1.4,0.1,1.4,1.2,2.8,4.1,2.6,-0.2,-0.6,1.5,1,0.4,1,3.5,2.6,3.1,2.3,2,1.9,0.4,2.9,1.5,2.3,3.1,1.8,1.8,1.5,1.2,1.1,2.6,0.6,1.3,-0.2,1.8,1.3,-0.4,0.7,2.9,0.9,0.8,1.3,1.8,-0.2,-0.5,2.7,1.4,-0.6,1.4,2,2.8,0.9,3.6,1.9,2.7,1.1,1.5,1.7,1.4,0.1,1.4,1.2,2.8,4.1,2.6,-0.2,-0.6,1.5,1,0.4,1
f3,1.8,0.9,0.3,-0.7,2.7,0.5,5.4,0.1,1.9,1.3,0.7,0.8,2.4,1.6,2.4,0.9,0.7,3.1,2.7,2.3,3.7,2.2,1.7,1.6,3.1,2.5,2.1,2,4.9,0.2,-0.9,3.4,3.1,3.9,1.2,1.1,1.9,1.5,4,2.3,1.3,1,3.2,-0.5,1.3,2.6,1.8,1.3,2.3,1.6,1.2,0.1,1.4,3.5,-0.2,1,1.5,1.8,0.9,0.3,-0.7,2.7,0.5,5.4,0.1,1.9,1.3,0.7,0.8,2.4,1.6,2.4,0.9,0.7,3.1,2.7,2.3
f4,1.6,2.9,1.7,1.5,1.9,2.1,0.1,2.5,4.3,2.3,4.7,0.9,1.6,0.7,3.3,2.4,1.5,2.6,0.5,1.8,2.4,3.5,1.6,1.8,1.1,-1.5,1.5,2,2.5,2.3,1.7,2.5,3.3,2.2,2.3,2.5,2,1.6,1.9,2.3,0.3,1.9,2.1,1,3.1,1.3,3.5,2.3,0.5,0.6,2.8,3.2,2.2,1.5,2.2,4.1,-0.3,1.6,2.9,1.7,1.5,1.9,2.1,0.1,2.5,4.3,2.3,4.7,0.9,1.6,0.7,3.3,2.4,1.5,2.6,0.5,1.8
f5,2.4,4.2,4.1,1.7,3.4,2.7,0.1,3.1,1,2,2.4,0.7,2.3,3.4,-1.1,1.9,0.2,5,2.6,0.4,2.3,1.8,4.5,0.7,2.6,5.3,2.6,2.6,3.2,1.5,1.3,3.3,1.3,5.4,2.8,2.3,2.4,2.5,3.1,4.3,1.3,1.5,0.2,2.7,1.6,1.9,1.3,0.5,2.7,4.3,1.8,4.1,0.4,3,2.3,3.2,2.1,2.4,4.2,4.1,1.7,3.4,2.7,0.1,3.1,1,2,2.4,0.7,2.3,3.4,-1.1,1.9,0.2,5,2.6,0.4
f6,3.2,5.5,2.3,3.9,2.6,1.7,2.7,1.7,2.2,4.2,2.5,3.6,1.6,3.1,5,4.1,4.1,3.2,4.5,3.6,1.5,3.6,2.3,1.7,4,4.1,2.6,4.3,2.4,3.1,3.5,2.7,3.6,2.8,2.4,1.7,1.9,3.1,2.7,2.9,2.8,2.3,2,3.5,2.7,3.4,3.8,4,3.7,3.6,3.5,3,2.3,2.7,2.5,2.5,1.3,3.2,5.5,2.3,3.9,2.6,1.7,2.7,1.7,2.2,4.2,2.5,3.6,1.6,3.1,5,4.1,4.1,3.2,4.5,3.6
f7,3.4,2.6,4.5,2.1,4.4,4.5,2.7,2.1,3,3,3.9,3,0.8,4,6.1,3.7,2.7,2.8,4.1,4.4,3.7,4.2,5.2,1.6,2.3,2.4,4.6,3.3,3,1.4,4,5,4.3,6.2,4.3,5.3,4.3,2.2,1.9,2.5,2.3,1.2,4.7,3.4,4,3.2,2.9,4.7,3.5,5.2,4,2.8,2.9,6.4,4.1,7.3,5.2,3.4,2.6,4.5,2.1,4.4,4.5,2.7,2.1,3,3,3.9,3,0.8,4,6.1,3.7,2.7,2.8,4.1,4.4
f8,5.5,4,4.1,4.5,3.1,4.8,5.6,3.4,4.7,4.6,4.9,4.4,3.4,2.7,5.1,4.2,5.6,4.9,3.9,3.7,4.2,2.3,3.9,5.8,4.6,3.4,4.1,4.8,5.5,2.5,4.5,4.9,5.5,6.2,5,5.3,4.8,4.8,5.3,4.3,5.4,5.1,4.9,4.8,3.8,3.9,3.3,4.8,4.7,5,3.3,3,3.9,5.5,3.5,5.4,5.7,5.5,4,4.1,4.5,3.1,4.8,5.6,3.4,4.7,4.6,4.9,4.4,3.4,2.7,5.1,4.2,5.6,4.9,3.9,3.7
f9,3.9,5.6,7.4,4.4,5.7,5.3,5.3,3.4,6.3,5.6,5.8,6.4,4.6,4.1,5.2,6.6,5.1,7,5.9,5.6,5.7,4.3,5.7,5.7,4.1,5.2,4.3,4.6,5.4,7,5.8,5.9,5.9,2.4,6.1,5.3,6.2,5.8,4.4,5.8,4.5,5.2,5.3,5.4,6.4,5.7,3.6,5.4,4.4,3.2,4.5,5.4,5.9,3,3.6,5.4,5.5,3.9,5.6,7.4,4.4,5.7,5.3,5.3,3.4,6.3,5.6,5.8,6.4,4.6,4.1,5.2,6.6,5.1,7,5.9,5.6
f10,5.2,6.6,4.2,5.6,4.9,6.9,6.9,5.4,5.7,4.7,7,5.9,7.2,5.5,4.9,4.4,5.8,7,6.5,4.1,4.9,4.8,6.9,7,5.7,3.8,6,4.2,6.6,6.4,7.3,5,7.2,6.6,7.2,7.1,6.4,4.5,5.4,4.4,2.7,5.1,6,4.2,6.3,6.1,5.9,5.7,3.6,3.6,5.2,4.8,9.3,4.9,5.4,5.4,6.3,5.2,6.6,4.2,5.6,4.9,6.9,6.9,5.4,5.7,4.7,7,5.9,7.2,5.5,4.9,4.4,5.8,7,6.5,4.1
f11,6.6,9.7,9.2,5.6,6.3,7.3,9.6,8.5,7.1,7.3,4.7,7,6.5,6.6,5.2,6.7,6.5,8.4,5.2,7.3,8.4,9.1,6.6,8.3,5.7,7.4,5.8,7.8,6,8.9,6.3,8.1,5.8,6.8,8.6,7.4,9,5.8,6.8,8.4,7,7.7,9.7,5.6,7.6,6.2,6.1,7.1,5.7,8.8,8.5,8.4,5.1,8,7.4,7.6,6.3,6.6,9.7,9.2,5.6,6.3,7.3,9.6,8.5,7.1,7.3,4.7,7,6.5,6.6,5.2,6.7,6.5,8.4,5.2,7.3
f12,8.8,8.7,8.8,8.7,10.3,9,10.5,9.1,8.3,11.8,8.9,7.9,8.7,5.5,7.8,9.6,10.6,9.7,9.2,9.2,11.2,9,7.2,9.4,7.6,10.6,7.3,8.8,7.3,10.6,8.4,8.7,7.8,7.7,9,10,7.7,8.9,9.8,10.2,7.4,8.5,7.4,9,8.6,9.2,6.9,10.2,8.2,10.3,7.7,8.2,9,9.7,8.3,9.3,10.1,8.8,8.7,8.8,8.7,10.3,9,10.5,9.1,8.3,11.8,8.9,7.9,8.7,5.5,7.8,9.6,10.6,9.7,9.2,9.2
f13,11.1,11.3,10,9.9,11,10.8,10.9,9,12.2,10.3,10.6,10.8,9.9,8.3,10.6,11.5,9.4,10.1,9.6,9,12.6,9.9,11.7,10.1,10.5,9.2,10.5,9.7,9.7,13.1,10.2,7.9,12,13.1,10,10,11,11.5,10.3,11.6,11,9.4,8.9,10.3,11.2,9.2,9.5,8.7,9.7,11.5,8.2,8.5,9.6,8.9,9.1,11.1,9.8,11.1,11.3,10,9.9,11,10.8,10.9,9,12.2,10.3,10.6,10.8,9.9,8.3,10.6,11.5,9.4,10.1,9.6,9
f14,12.7,13.1,13.5,12.3,14,13.7,12.2,12.3,14,11.9,15.3,11.9,12.2,12.1,11.5,11.9,13.7,12,12.5,12.6,13.4,11.9,11.8,12.1,10.9,12.3,10.4,13.1,11.4,12.5,10.3,14.1,13.2,13.6,13.5,12,12,11.4,14.1,11.8,13,11.8,12.2,13,10.9,11.6,11.1,10.9,12.9,12.7,9.9,10.1,13.3,12.5,10.2,15.6,11.8,12.7,13.1,13.5,12.3,14,13.7,12.2,12.3,14,11.9,15.3,11.9,12.2,12.1,11.5,11.9,13.7,12,12.5,12.6
f15,14.4,14.1,15.4,16.5,15.9,13.7,14.4,18.1,14,13.3,14.9,11.6,14.7,11.6,15.1,15.6,13.8,13.8,14.3,12.9,17.5,14.8,14.5,15.3,14.5,11.6,14.2,13.4,14,15.1,13.6,14.6,15.5,16.1,14,15.9,15.2,14.4,13.9,12.8,13.2,14.3,15.3,11.9,13.3,12.4,10.7,15.5,11.5,15.2,13.2,14,16.7,13.4,13.5,16.1,14.1,14.4,14.1,15.4,16.5,15.9,13.7,14.4,18.1,14,13.3,14.9,11.6,14.7,11.6,15.1,15.6,13.8,13.8,14.3,12.9
f16,15.2,17.5,20.1,15,16.8,16.7,18.1,17.4,16.4,16.7,16.8,16.7,14.9,16.9,17.4,19.6,17.4,16.1,17.9,16.7,15.4,16.7,17.3,19.1,16.6,14.5,16.1,18.5,16.5,16.7,14.3,14.2,19.7,15.8,14.1,18.5,17.6,16.8,14.5,16.9,17.8,15,15.8,17,17.6,16.6,18.6,16.8,16.8,17.8,15.5,17.8,18.2,16.3,14.6,18.6,14.8,15.2,17.5,20.1,15,16.8,16.7,18.1,17.4,16.4,16.7,16.8,16.7,14.9,16.9,17.4,19.6,17.4,16.1,17.9,16.7
f17,18.4,20.6,20.9,20.1,20.3,20.9,20,21,20.7,19.7,20.3,19.9,18.6,18,19,20.1,21.9,19.2,21.2,18.4,22.6,21.7,18.8,21.8,18.5,18.4,21,20.1,19.9,19.8,17,18.6,19.3,22.2,18.1,19.1,19.3,19.8,19.7,19.7,19.9,18.8,19.8,20.9,20.5,19.9,19.6,19.1,17.3,21.5,18,18.4,21.5,18.9,17.2,18.1,19.7,18.4,20.6,20.9,20.1,20.3,20.9,20,21,20.7,19.7,20.3,19.9,18.6,18,19,20.1,21.9,19.2,21.2,18.4
f18,22,21.7,26.2,22.9,24.3,22.5,22.2,24.6,25,23.7,23.6,23,21.6,20.2,23.4,22.8,21.8,22.5,22.9,21,24.7,22.2,23.2,23.4,22.7,20.7,22.6,24.2,22.8,24.1,20.3,24,22,23.9,24.4,25.2,24.4,22.9,22.3,24.5,22.3,23,21.8,21.9,23.2,21.2,21.6,21.8,21.4,24.5,20.3,19,21.2,23.9,20.9,24.9,22.6,22,21.7,26.2,22.9,24.3,22.5,22.2,24.6,25,23.7,23.6,23,21.6,20.2,23.4,22.8,21.8,22.5,22.9,21
f19,27.1,27.8,28.4,27.3,24.4,25.8,26.8,28.9,28.2,25.8,25.7,26.1,23.4,25.3,24.3,28.8,27.8,25.9,28.2,24.9,26.2,26.7,28.2,28.2,27,26.2,27.2,26.6,26.1,27.2,24.1,24.2,26.9,26.6,25.6,27.2,25.7,26,27.6,29.4,27.3,26.7,27.4,24,24.5,26,23.8,27.1,25.9,26.1,25,25.1,30.2,24,23.8,29.2,27.3,27.1,27.8,28.4,27.3,24.4,25.8,26.8,28.9,28.2,25.8,25.7,26.1,23.4,25.3,24.3,28.8,27.8,25.9,28.2,24.9
f20,31.6,30.9,31.6,28.4,29.6,29.6,30.7,33.7,31.4,29.5,29.1,28.9,29.2,29.4,28.9,32.8,29.2,29.9,31.1,30,30.8,29.8,31.2,32.3,30.5,31.7,32.5,31.5,29.7,33.1,27.3,30,31.4,29.9,28,34.2,29.7,30.7,32.2,31.6,30.8,27.6,29.5,28.8,31.6,29,29.3,29.4,27.1,29.5,28.2,30.5,31.7,29.9,28.3,32.4,32.2,31.6,30.9,31.6,28.4,29.6,29.6,30.7,33.7,31.4,29.5,29.1,28.9,29.2,29.4,28.9,32.8,29.2,29.9,31.1,30
f21,33.7,34.8,36.6,33.4,33.7,34.7,34.4,36.1,36.1,31.8,33.8,35.7,31.7,33.2,34.8,37.1,33.5,36.9,36.4,34,36,34,36.8,35.2,30.2,33.8,36.4,34.7,35.1,37.8,32.4,36.3,33.6,34.4,37,36.2,37.1,35.8,35.1,37.3,32.6,33.9,33.8,32.4,32.5,32.9,31.7,33.9,31.5,34.8,31.2,31.8,38.3,34.5,32.4,35.7,35.1,33.7,34.8,36.6,33.4,33.7,34.7,34.4,36.1,36.1,31.8,33.8,35.7,31.7,33.2,34.8,37.1,33.5,36.9,36.4,34
f22,39.7,40.8,42.2,36.6,39.1,39.6,41.9,43.2,40.2,36.2,43.3,39.1,40,37.1,37.9,42.8,39.6,42.5,39.2,37.6,41.2,40.3,38.4,40.7,38.6,41.4,41,42.5,38.6,43.1,37.3,38.1,37.8,40.6,39.3,39.2,40.5,41.6,39.2,41.4,40.8,36.4,40.3,40.7,36.8,37.9,37.7,39.6,37.8,41.1,35.2,37.3,41.8,37.6,37.2,39.2,40,39.7,40.8,42.2,36.6,39.1,39.6,41.9,43.2,40.2,36.2,43.3,39.1,40,37.1,37.9,42.8,39.6,42.5,39.2,37.6
f23,43.8,47.1,47,41.8,43.7,44.1,44,46.1,43.4,42.5,44.4,42.4,42.2,42.4,41.8,47.1,44.3,47.6,46,42.3,47.7,43.3,44.7,44.8,43.3,44.1,45.8,46.6,46.8,47.6,41,42.9,44.6,46.2,46.4,45.8,43.7,44.3,45,47.6,43.1,42.3,46.2,44.6,43.6,44.9,43.3,42.9,39.4,46,40.4,40.1,47.7,43.6,40.4,48,44.2,43.8,47.1,47,41.8,43.7,44.1,44,46.1,43.4,42.5,44.4,42.4,42.2,42.4,41.8,47.1,44.3,47.6,46,42.3
f24,50.8,52,54,46,48.9,49.4,49.5,53.2,50.1,45.4,51.2,48.5,48.1,47.8,46.7,53.2,51.2,49.3,50.2,48.5,51.5,48.2,50.9,51.3,47.6,50.9,49.8,50.8,50,52.4,46.8,50.2,50.6,51,49.5,53,52.1,51.7,48.2,52.1,46.9,48.8,50.8,49,47.6,46.2,45.7,47.2,45.8,51.8,44.4,46.4,54.7,46,45.7,53.3,50.1,50.8,52,54,46,48.9,49.4,49.5,53.2,50.1,45.4,51.2,48.5,48.1,47.8,46.7,53.2,51.2,49.3,50.2,48.5
f25,55,58.5,55.3,52.6,54.5,53.3,56.2,58.5,56.8,52.5,56.4,50.3,51.8,52.3,53.8,60.8,54,56.1,57.2,52.1,55.9,54.6,53.7,55.9,52.1,56.6,56.8,57.8,56.2,60.1,50.2,53.8,53.4,56.3,56.2,60,53.2,57.8,56.6,58,51.5,52,55.6,52.9,55.6,51.7,52.5,54.8,52.1,57.9,51.7,51.7,57.9,51.5,50.5,58.2,56.2,55,58.5,55.3,52.6,54.5,53.3,56.2,58.5,56.8,52.5,56.4,50.3,51.8,52.3,53.8,60.8,54,56.1,57.2,52.1
f26,61,65.3,63.1,57.3,58.7,59.1,60.2,63.9,61.7,58.4,63.5,58.6,57.5,56.4,57,64.8,60,61,62.2,55.5,61.8,59.4,62,62.1,59.5,61.2,60.3,60.8,59.9,64.6,52.6,58.5,59.4,61.5,63.6,61.7,59.5,59.8,58.7,63.7,57.1,57.3,62.1,58.8,59,57.7,58.3,58.3,55.9,63,53.9,57.8,65.3,57.6,54.8,64.2,63.1,61,65.3,63.1,57.3,58.7,59.1,60.2,63.9,61.7,58.4,63.5,58.6,57.5,56.4,57,64.8,60,61,62.2,55.5
f27,63.3,69.2,67,62.3,65.3,62.3,64.2,70.8,66.2,64,69.6,63.8,62.2,61.1,62.6,69.5,66.7,63.8,67.7,61.4,69.7,65.1,67.7,67.2,62.8,66.9,66.4,65.7,64.6,69.7,59.7,65.6,65.4,66.3,64.7,68.1,66.6,65,65.9,69.3,64,64.5,63.9,65.2,65.4,61.5,62.6,64.5,62.1,69.3,59.5,60.5,70.9,63.8,60.6,70,64.2,63.3,69.2,67,62.3,65.3,62.3,64.2,70.8,66.2,64,69.6,63.8,62.2,61.1,62.6,69.5,66.7,63.8,67.7,61.4
f28,71.6,71.3,74.8,67.1,67.5,69.1,68.5,75.7,71.4,68.6,73.3,67.1,65.2,64.5,66.6,75.8,70.3,71.8,72.9,67,72.5,71.4,72.7,74.7,66.8,69.6,72,72.5,71.8,75.6,64.9,68.9,71.7,73.5,70.6,75.4,71.8,70.1,71.7,74.8,69,66.5,70.7,69.3,70.5,66.7,67.5,68.9,65.8,74.6,64.2,66.3,76,67.6,65.5,73,72.3,71.6,71.3,74.8,67.1,67.5,69.1,68.5,75.7,71.4,68.6,73.3,67.1,65.2,64.5,66.6,75.8,70.3,71.8,72.9,67
f29,76.8,79.3,78.4,71.8,74.1,71.9,77,80.9,75.9,71.7,77.1,71.7,72.5,69.5,72.4,81,75.4,78.3,74.9,73.2,78.6,73.4,77.1,77.6,72.9,79.5,78.4,76.6,77.6,80.8,69.2,73.7,75.9,79.3,76.5,80.4,73.6,76.8,77.7,78.8,74.3,72.8,74.5,73.2,73.3,71.5,73,74.7,69.2,78.3,69,69.2,83,70.5,69.5,80.4,77.3,76.8,79.3,78.4,71.8,74.1,71.9,77,80.9,75.9,71.7,77.1,71.7,72.5,69.5,72.4,81,75.4,78.3,74.9,73.2
f30,80.8,83.3,84.3,76.9,78.6,79.1,79.8,88,80.7,78.8,81.3,76.7,76.1,74.9,75.8,86.1,82,81.8,80.9,77.2,83.6,79.8,83.5,83.6,77.1,81.8,81.7,80.9,80,86.9,74.5,77.5,81.6,83.8,83.4,83.8,80.9,81.2,78.3,83.9,78.3,76.7,78.9,77.6,79.8,77.8,76,78.2,75,83.8,74.6,75.3,85.9,76.6,73.3,85.4,81.3,80.8,83.3,84.3,76.9,78.6,79.1,79.8,88,80.7,78.8,81.3,76.7,76.1,74.9,75.8,86.1,82,81.8,80.9,77.2
f31,85.4,89.3,89.5,82.2,84.1,80.8,83.3,90.7,85.5,82.1,87,79.8,81,75.9,80.4,89.3,86.6,86.5,85.1,81.9,89,83.8,87.7,84.4,81.6,85.7,85.7,86.1,85.4,92.8,77.3,83.6,88.1,87.7,88.2,85.6,83.3,87.7,84.2,90.7,80.5,81.3,83.7,83.4,82.7,80.2,81.8,82,78.2,89.8,75.4,81.6,90.3,78.6,77.7,88.6,86.1,85.4,89.3,89.5,82.2,84.1,80.8,83.3,90.7,85.5,82.1,87,79.8,81,75.9,80.4,89.3,86.6,86.5,85.1,81.9
f32,89,93.2,94.1,85.1,86.1,85.9,89.6,94.9,88,85.3,89.9,84.7,84.8,82.3,85,95.4,88.3,89.8,91.5,84.4,93.1,88.2,93,90.7,84,88.9,91.6,90.8,93.4,95.8,83.4,86.8,90.7,91.1,92.3,92.1,89.2,90.2,91.3,95.7,86.3,86.2,89.7,87.4,88.4,85.6,82.6,85.2,81.7,92,79.8,82.9,95.3,83.3,81.9,94.5,90.1,89,93.2,94.1,85.1,86.1,85.9,89.6,94.9,88,85.3,89.9,84.7,84.8,82.3,85,95.4,88.3,89.8,91.5,84.4
f33,92,94.9,96.8,89.3,90.5,92,93.7,96.7,92.4,87,95,89,88.6,86.7,87.2,98.4,91.7,93.6,92.7,88.3,93.7,90.1,94.5,93.8,88.4,95.1,93.3,95.6,92.7,97.8,84.6,91.6,92.6,97.4,92.8,97.9,90.7,95,92,99.5,88.8,88,92,90.4,90,87.8,88.8,91,87,96.1,84.3,86.9,98.7,87.1,84.3,98.1,92.7,92,94.9,96.8,89.3,90.5,92,93.7,96.7,92.4,87,95,89,88.6,86.7,87.2,98.4,91.7,93.6,92.7,88.3
f34,96.9,101.4,99.9,91.1,93.9,92,94.3,103.7,95.4,91.5,97.5,91.2,92.5,87.5,90.6,102.9,94.7,95.9,96.9,93.3,96.2,94.4,98.6,96,91.1,97.5,97,97.7,96.4,102.3,87,92.7,95,99.1,95.8,100.4,95.8,98.6,96.1,101.5,94.7,90.1,96.4,93,93.4,88.9,89.7,94,89.7,101.5,89.6,89.8,101.2,90.8,89,101.1,97,96.9,101.4,99.9,91.1,93.9,92,94.3,103.7,95.4,91.5,97.5,91.2,92.5,87.5,90.6,102.9,94.7,95.9,96.9,93.3
f35,97.7,104.8,104.7,94.9,97.5,96.9,97.3,104.1,97,95.1,100.5,94.1,92.8,91.2,91.7,103.1,99.1,99.2,99.5,92.5,103.2,97.7,100,100.6,96.1,99.3,100.6,102.2,102.1,105.1,93.5,95.7,97.7,102.5,98.9,102,99.2,100.3,99.3,102.8,96.3,95,99,95.2,97.6,92.1,96.2,94.3,90.4,102.4,90.7,92.1,104.4,92.3,91.1,103.6,98.7,97.7,104.8,104.7,94.9,97.5,96.9,97.3,104.1,97,95.1,100.5,94.1,92.8,91.2,91.7,103.1,99.1,99.2,99.5,92.5
f36,101.4,103.5,105.3,98,99.3,99.9,98.9,107.3,100.7,96.6,104.6,95.7,96.6,95.3,94.9,105.6,100.8,102.4,102.9,96.6,102,99.3,103.2,103,99.1,105.2,101.4,101.4,105.2,108.5,93.4,97.5,100.1,105.5,102.6,104.2,98.3,102.5,101.2,104.6,99,96.6,99.8,99.3,101.8,97.9,96.6,97.5,92.3,104.3,93,93.2,107.7,96.7,92.1,106,102,101.4,103.5,105.3,98,99.3,99.9,98.9,107.3,100.7,96.6,104.6,95.7,96.6,95.3,94.9,105.6,100.8,102.4,102.9,96.6
f37,102.1,107.2,110.1,99.2,103.7,99.8,101.8,109.9,105.8,97.7,102.5,97.4,97.5,95.5,97.3,110.4,99.9,103.7,108.9,98,108.1,102.2,104.9,106.4,97.9,104.1,106.3,107.2,104.9,108.6,94.6,99.6,102.3,104.3,107.8,107,102.8,104.6,102.4,109.7,99.4,98.7,104.5,99.9,101.8,95.3,97.6,99.9,94.1,106,92.4,94.5,109.8,97.2,95.5,110.2,104,102.1,107.2,110.1,99.2,103.7,99.8,101.8,109.9,105.8,97.7,102.5,97.4,97.5,95.5,97.3,110.4,99.9,103.7,108.9,98
f38,105.3,110.4,109.6,100.4,102.4,101.8,104.7,111.9,104.5,100.2,109.9,101.6,100.8,96.8,99.5,112,105.7,107,105,98.3,107.5,103.6,107.2,107.9,101.4,107.2,108.2,107.8,107.9,111.3,97.4,104.5,105.4,109.9,108.2,107.6,105,106.8,103.2,111.5,101.7,98.2,105.6,102.8,103.1,97.9,100.8,102.7,98.3,110.4,94.4,98.5,112.7,99.5,96.5,111.4,101.6,105.3,110.4,109.6,100.4,102.4,101.8,104.7,111.9,104.5,100.2,109.9,101.6,100.8,96.8,99.5,112,105.7,107,105,98.3
f39,106,112.2,111.4,101.1,105.3,106.3,107,113.8,106.9,100.8,108.4,101.4,102.2,99.4,102.6,111.5,107.2,107.3,107.1,103.9,110.4,107.2,108.2,106.7,102.8,110,107.7,109.8,109.4,115,99,104.7,107.9,110.3,108.2,111.8,104.8,106.4,106.8,111.9,104.9,101,108.5,103.5,105,102.2,102.5,103.4,99.8,112.8,98.9,100.2,114.9,100.9,98,116.4,107.9,106,112.2,111.4,101.1,105.3,106.3,107,113.8,106.9,100.8,108.4,101.4,102.2,99.4,102.6,111.5,107.2,107.3,107.1,103.9
f40,109.8,111.3,110.4,103.7,105.6,105.9,109.3,116.8,109.5,103,111.7,100.7,103.3,99.6,103.4,116,108,107.6,109.9,104.9,111.4,108.1,109.2,110,103.3,110,107.9,111.7,108.9,115.5,99.2,103,106.7,110.9,109.4,109.9,107,108.3,109.4,111.4,106.2,104.1,108.1,104.2,106.4,103.1,102.7,105.2,98.9,111.8,98.5,100.8,113.9,101.6,98.1,116,110,109.8,111.3,110.4,103.7,105.6,105.9,109.3,116.8,109.5,103,111.7,100.7,103.3,99.6,103.4,116,108,107.6,109.9,104.9
f41,110.6,115.9,114.2,104,106.6,105.4,107.7,116.8,108.9,106.6,111.3,104.1,103.8,102.3,104.1,117,108.3,107.5,109,105.8,113.6,108.1,111.2,110.7,105.2,112.6,109.9,111.5,109.7,117.5,99.7,108.9,110.7,113.1,110.9,112.8,106,111,107.8,116.4,107.6,104.3,108.2,106.1,107.9,101.9,104,106.7,102.7,114.8,98.5,101,115.4,104.6,99.4,117.4,109.7,110.6,115.9,114.2,104,106.6,105.4,107.7,116.8,108.9,106.6,111.3,104.1,103.8,102.3,104.1,117,108.3,107.5,109,105.8
f42,110.1,116.4,115.6,106,109.1,108.6,108.3,117.7,110.7,105.2,113,105.4,104.6,103,101.8,119.2,107.9,110,109.4,105.3,113.2,109,113.1,112.7,104.7,111.7,113.5,114.5,111.6,119.1,101.9,109.4,111.6,110.9,111.2,114.2,108.8,112.2,107.7,116.7,107.9,105.7,110.1,106.8,109.2,104.2,106.1,106.2,103.9,115.2,99.3,102.5,117.7,102.7,98.8,116.3,112.3,110.1,116.4,115.6,106,109.1,108.6,108.3,117.7,110.7,105.2,113,105.4,104.6,103,101.8,119.2,107.9,110,109.4,105.3
f43,111.5,116.4,116.1,106.7,109.6,108.2,108.4,118.7,108.8,106,112.5,104.7,105.9,102.1,106.9,119.8,108.7,115.4,110.6,106,114.8,108.9,111.6,113.8,106.3,113.8,113.9,113.7,111,117.7,102.8,109,112.3,114.6,112.6,115.2,111.7,111.5,109.8,116.5,107.8,106.3,111.4,108.5,111.1,105.4,105.4,109.7,102.7,115.1,100.5,101.7,116.8,105.4,101.3,119.4,111.1,111.5,116.4,116.1,106.7,109.6,108.2,108.4,118.7,108.8,106,112.5,104.7,105.9,102.1,106.9,119.8,108.7,115.4,110.6,106
f44,113.9,116.2,115.9,106.7,109.5,109.8,109.5,121.1,111.5,108.1,115.7,105.7,108.2,104.1,104.9,117.3,112,114.6,115,106,117.2,111.4,111.9,115,107.2,115.9,114,115.2,114.9,118.9,103.9,110.7,112.9,114.7,114.9,115.8,113.5,116.3,111.1,118.2,107,104.5,110.5,109.1,108.4,106.5,108.8,109.5,104.7,117.4,101.9,105.2,116.7,106.1,103.6,118.7,112.2,113.9,116.2,115.9,106.7,109.5,109.8,109.5,121.1,111.5,108.1,115.7,105.7,108.2,104.1,104.9,117.3,112,114.6,115,106
f45,113.9,118.2,116.5,106.3,108.5,110.7,113,119.3,112.4,107.7,113.8,108,108.9,105.8,107.5,118.9,112.5,113.7,112.6,108.6,114.4,110.4,113.1,116.2,109.3,115.2,112,114.4,112.3,122.6,102.6,113.4,113,116.7,114.9,118.8,111.7,112.5,114.3,119.2,109.8,106.8,113.2,110.2,112.7,106.1,107.3,109.8,102.8,116.7,102.4,104,120,105.5,101.3,120.9,112.9,113.9,118.2,116.5,106.3,108.5,110.7,113,119.3,112.4,107.7,113.8,108,108.9,105.8,107.5,118.9,112.5,113.7,112.6,108.6
f46,114.4,116.3,117.3,105.6,111,110.2,110.9,118,112.8,107.8,114.1,107.1,106.6,104.2,108.9,119.5,112.1,113.9,114.6,105.8,115.4,111.4,114.7,114.1,111.2,115.4,116.7,113.4,117.2,122.1,104.9,109.9,113.4,115.6,114.6,115.6,113.1,113.6,109.5,120.9,110.6,109.1,114.6,110.3,112.3,105.4,107,108.8,105.8,117.4,102.4,105.4,120.2,105.3,102.8,119.2,112.9,114.4,116.3,117.3,105.6,111,110.2,110.9,118,112.8,107.8,114.1,107.1,106.6,104.2,108.9,119.5,112.1,113.9,114.6,105.8
f47,114.9,118.5,121.1,107.8,112.6,112.3,112.8,121.6,115.4,109.3,115.6,108.5,108.6,105.3,107,119.6,112.5,115,114.8,108.2,119.7,112.6,116,114.4,108.9,116.7,113.9,116.7,113.5,119.6,106.9,111.6,113.7,115.9,114.1,119,112.1,114.1,114.4,120.3,111.7,108.6,112.9,110.5,108.7,107.8,106,108,105.5,116.8,103.3,105.5,117.6,106.8,102.3,119.5,114.1,114.9,118.5,121.1,107.8,112.6,112.3,112.8,121.6,115.4,109.3,115.6,108.5,108.6,105.3,107,119.6,112.5,115,114.8,108.2
f48,114.3,117.8,116.9,108.9,110,110.4,113,122.6,116.2,108.5,116.2,108.7,109.2,106,107.5,120.5,111.6,116.4,113.9,106.6,118,112.4,116.9,118.9,110.4,116.9,117.7,116.2,114.5,122.3,104.5,112.1,113.9,115.3,114.6,118.4,113,114.9,113.8,120.6,111.9,107.5,112.9,111.7,111.9,107.8,107.6,110.6,106,117.9,103.5,104.8,120,105.8,101.9,122.3,114.3,114.3,117.8,116.9,108.9,110,110.4,113,122.6,116.2,108.5,116.2,108.7,109.2,106,107.5,120.5,111.6,116.4,113.9,106.6
f49,115.3,119.2,119,107.8,111.2,111.5,112.3,119.7,115.7,108.8,113.8,109.8,107.9,106.8,109,121.5,111.4,114.8,114.6,109.8,116.6,112.8,113.5,114.5,109.7,116.4,115,116.8,117.1,122.7,105.3,110.9,113.8,119.3,114.7,117,114.1,114.2,116.2,119.7,110,109,113.4,113.7,112.8,107.9,108.8,110.1,106.8,118.8,103.4,107.4,121.7,108.6,104.8,119.3,116.2,115.3,119.2,119,107.8,111.2,111.5,112.3,119.7,115.7,108.8,113.8,109.8,107.9,106.8,109,121.5,111.4,114.8,114.6,109.8
f50,115.4,119.9,116.9,109.4,114.3,112.1,115.4,121.7,115.7,109.2,115.6,108.1,107.3,104.8,110.2,122.9,115.1,114.8,113.1,109.3,118,111.6,115.8,118.3,108.2,116.3,115.1,118.5,113.1,122.9,106.1,110.9,115.2,116.2,116.5,117.8,112.3,115.6,114.9,121.8,111.9,108.8,114.6,113,112.5,110,107.1,111.6,106.5,120.3,104.1,107.9,121.9,109.5,103.6,122.9,115.9,115.4,119.9,116.9,109.4,114.3,112.1,115.4,121.7,115.7,109.2,115.6,108.1,107.3,104.8,110.2,122.9,115.1,114.8,113.1,109.3